﻿web-scraper-order,web-scraper-start-url,category,category-href,page,page-href,title,title-href,info
"1521338575-5","http://cookbooks.com/","Sushi","http://cookbooks.com/recipes-search.aspx?id=1&tag=sushi","2","http://cookbooks.com/recipes-search.aspx?page=2","18. SUSHI RICE","http://cookbooks.com/Recipe-Details.aspx?id=687679","<p class=""H1"">Could NOT Open Recipe Page Due To:</p>Conversion from type 'DBNull' to type 'String' is not valid."
"1521338573-4","http://cookbooks.com/","Sushi","http://cookbooks.com/recipes-search.aspx?id=1&tag=sushi","2","http://cookbooks.com/recipes-search.aspx?page=2","19. SUSHI-FLETCHER","http://cookbooks.com/Recipe-Details.aspx?id=724182","<p class=""H2""><font size=""5"">SUSHI-FLETCHER</font><br><span class=""H2""><font size=""4""><i></i></font></span><br></p><hr><p class=""H3""><strong></strong></p><table width=""100%"" border=""1px"" cellspacing=""0"" cellpadding=""10""><tbody><tr><td><span class=""H2"">ingredients</span><br><p class=""H1"">1  c. fish, deboned<br>1  c. (to cover) vinegar<br>1 1/2  Tbsp. mayonnaise<br>1/2  tsp. mustard<br>2  tsp. relish (pickle)<br>  garlic powder<br>  salt and pepper<br></p></td></tr></tbody></table><table width=""100%"" border=""1px"" cellspacing=""0"" cellpadding=""10""><tbody><tr><td><span class=""H2"">preparation</span><br><p class=""H1"">      Chop fish finely and marinate in vinegar for 40 to 50 minutes. Drain and press vinegar out or squeeze with hands.  Combine with mayonnaise, mustard and relish.  Season to taste with garlic, salt and pepper.  Serve on Ritz crackers with a drop of Tabasco sauce.</p></td></tr></tbody></table>"
"1521338579-7","http://cookbooks.com/","Sushi","http://cookbooks.com/recipes-search.aspx?id=1&tag=sushi","2","http://cookbooks.com/recipes-search.aspx?page=2","16. SUSHI SALAD","http://cookbooks.com/Recipe-Details.aspx?id=558437","<p class=""H2""><font size=""5"">SUSHI SALAD</font><br><span class=""H2""><font size=""4""><i></i></font></span><br></p><hr><p class=""H3""><strong></strong></p><table width=""100%"" border=""1px"" cellspacing=""0"" cellpadding=""10""><tbody><tr><td><span class=""H2"">ingredients</span><br><p class=""H1"">2  Tbsp. shoyu, divided<br>1  c. uncooked long grain rice, washed and drained<br>1/2  lb. baby shrimp, cooked<br>1  carrot, peeled and shredded<br>1/2  c. frozen green peas, thawed and drained<br>1/2  c. green onions, chopped<br>1  Tbsp. ginger, minced<br>1/4  c. distilled white vinegar<br>2  Tbsp. sugar<br>2  tsp. sesame seed<br></p></td></tr></tbody></table><table width=""100%"" border=""1px"" cellspacing=""0"" cellpadding=""10""><tbody><tr><td><span class=""H2"">preparation</span><br><p class=""H1"">      Cook rice in a mixture of shoyu and 2 cups water.  Remove from heat and cool.  Rinse shrimp and drain thoroughly.  Reserve 1/2 cup of shrimp.  Combine remaining shrimp, carrots, peas, green onions and ginger in a large bowl.  Fluff rice with fork.  Fold in shrimp mixture.  Cover and refrigerate until chilled.</p><p class=""H1"">      Measure vinegar, sugar, remaining shoyu, sesame seed and 2 tablespoons water into a cruet.  Cover and shake until blended and sugar dissolves.  Pour over rice mixture.  Toss to coat all ingredients well.  Sprinkle reserved shrimp over each serving.</p></td></tr></tbody></table>"
"1521338577-6","http://cookbooks.com/","Sushi","http://cookbooks.com/recipes-search.aspx?id=1&tag=sushi","2","http://cookbooks.com/recipes-search.aspx?page=2","17. MAKI SUSHI","http://cookbooks.com/Recipe-Details.aspx?id=558525","<p class=""H1"">Could NOT Open Recipe Page Due To:</p>Conversion from type 'DBNull' to type 'String' is not valid."
"1521338566-1","http://cookbooks.com/","Sushi","http://cookbooks.com/recipes-search.aspx?id=1&tag=sushi","2","http://cookbooks.com/recipes-search.aspx?page=2","22. ""VINEGAR FOR SUSHI""","http://cookbooks.com/Recipe-Details.aspx?id=1003183","<p class=""H2""><font size=""5"">""VINEGAR FOR SUSHI""</font><br><span class=""H2""><font size=""4""><i></i></font></span><br></p><hr><p class=""H3""><strong></strong></p><table width=""100%"" border=""1px"" cellspacing=""0"" cellpadding=""10""><tbody><tr><td><span class=""H2"">ingredients</span><br><p class=""H1"">1  c. vinegar (Heinz white vinegar in glass is best)<br>2/3  c. sugar<br>2 1/2  tsp. salt<br>  pinch of ajinomoto (optional)<br></p></td></tr></tbody></table><table width=""100%"" border=""1px"" cellspacing=""0"" cellpadding=""10""><tbody><tr><td><span class=""H2"">preparation</span><br><p class=""H1"">	Combine  vinegar,  sugar and salt in saucepan, stirring until sugar  dissolves.  Bring to a boil.  (If you desire, add ajinomoto when  liquid  becomes clear.) You can make a larger ""batch"" at a time and keep it on hand, making it handy to make sushi,  inari, maze-gohan, California roll, etc., frequently. The ""su""  is  also very  good to make ""sunomono"" or for other salads.</p></td></tr></tbody></table>"
"1521338568-2","http://cookbooks.com/","Sushi","http://cookbooks.com/recipes-search.aspx?id=1&tag=sushi","2","http://cookbooks.com/recipes-search.aspx?page=2","21. SUSHI","http://cookbooks.com/Recipe-Details.aspx?id=910454","<p class=""H2""><font size=""5"">SUSHI</font><br><span class=""H2""><font size=""4""><i></i></font></span><br></p><hr><p class=""H3""><strong></strong></p><table width=""100%"" border=""1px"" cellspacing=""0"" cellpadding=""10""><tbody><tr><td><span class=""H2"">ingredients</span><br><p class=""H1"">1  c. water<br>3  Tbsp. white vinegar<br>2  Tbsp. sugar<br>3/4  c. short-grain rice<br>6  Nori seaweed squares<br>  soy sauce<br>  wasabi<br>  filling of choice (see following)<br></p></td></tr></tbody></table><table width=""100%"" border=""1px"" cellspacing=""0"" cellpadding=""10""><tbody><tr><td><span class=""H2"">preparation</span><br><p class=""H1"">      Combine rice, water, sugar and vinegar in a saucepan.  Bring to a boil.  Turn fire down to low.  Cover and cook until rice is done.  Allow to cool to room temperature.  Toast Nori lightly by waving briefly over an open flame.  Place on a kitchen towel or a sushi mat.  Top with a thin layer of rice, leaving 1/2-inch at far end of Nori uncovered.  Along the proximal end of the square, line up your filling of choice.  Roll in jelly roll fashion, using the mat or towel as an aid.  Remember that 1/2-inch of the tail end of the Nori you left uncovered?  Dampen it with a wet finger and use it to seal your sushi roll. You should end up with a sausage-like black tube, the filling in the middle.</p><p class=""H1"">      Slice into 1-inch disks with a very sharp serrated knife. Rinse knife between each slice for cleanest cuts.  Arrange on platter with small cups of soy sauce and wasabi.  Wasabi is a green powder that often comes packaged in a tiny tin.  Mix the powder with a few drops of water to make a thick paste.  Put a spoonful of it next to the sushi so the diner may mix it with the soy sauce before dipping in the sushi.</p></td></tr></tbody></table><p class=""H3""><strong>Here are some suggested fillings for sushi rolls:</strong></p><table width=""100%"" border=""1px"" cellspacing=""0"" cellpadding=""10""><tbody><tr><td><span class=""H2"">preparation</span><br><p class=""H1"">      California Roll:  Crab, avocado, sweet red roe.</p><p class=""H1"">      Minced scallops in lemon dressing (see recipe).</p><p class=""H1"">      Shrimp with blanched slivered pea pods.</p><p class=""H1"">      Hana Roll:  Filled with tempera'd shrimp and asparagus.</p><p class=""H1"">      Grilled beef with shiitake mushrooms, spinach and toasted sesame seed.</p><p class=""H1"">      Or create your own combination from ingredients such as fresh tina, yellowtail, red snapper or flounder, shellfish, smelt roe or caviar, mushrooms, avocado, blanched asparagus, string beans or carrot strips, cucumber strips, tofu, boiled or omelet eggs, pickled quail eggs, slivered daikon and bean sprouts.</p><p class=""H1"">      You can also smear a trace of prepared wasabi down the center of the roll before rolling it up.  Be careful, because wasabi is very hot, but in the opinion of many sushi fanatics, it contributes much towards the ""addictive"" quality of sushi.</p><p class=""H1"">      Sushi means vinegared rice, and does not necessarily have raw ingredients.  In my experience, finned fish is usually raw, while shell fish is cooked.  Sushi is served at room temperature.  Do not bother refrigerating leftovers, for this makes the rice hard and unpalatable.</p></td></tr></tbody></table><p class=""H3""><strong>Lemon Dressing (Goes With Sushi):</strong></p><table width=""100%"" border=""1px"" cellspacing=""0"" cellpadding=""10""><tbody><tr><td><span class=""H2"">ingredients</span><br><p class=""H1"">1  large egg (room temperature)<br>1  Tbsp. rice vinegar<br>1/4  tsp. salt<br>1/2  tsp. grated lemon peel<br>1  c. vegetable oil<br></p></td></tr></tbody></table><table width=""100%"" border=""1px"" cellspacing=""0"" cellpadding=""10""><tbody><tr><td><span class=""H2"">preparation</span><br><p class=""H1"">      Process egg in blender for 15 seconds.  Add vinegar, salt and lemon peel.  Process 5 seconds.</p><p class=""H1"">      With blender running, add the oil in a slow steady stream. Dressing will become thick and mayonnaise-like.  Use it to bind minced items in sushi filling.  Keeps in refrigerator for about 1.5 weeks.  You may make green onion dressing by substituting minced green onion for lemon peel.  Serves 6.</p></td></tr></tbody></table>"
"1521338570-3","http://cookbooks.com/","Sushi","http://cookbooks.com/recipes-search.aspx?id=1&tag=sushi","2","http://cookbooks.com/recipes-search.aspx?page=2","20. SUSHI","http://cookbooks.com/Recipe-Details.aspx?id=739246","<p class=""H2""><font size=""5"">SUSHI</font><br><span class=""H2""><font size=""4""><i></i></font></span><br></p><hr><p class=""H3""><strong></strong></p><table width=""100%"" border=""1px"" cellspacing=""0"" cellpadding=""10""><tbody><tr><td><span class=""H2"">ingredients</span><br><p class=""H1"">2  c. cooked rice<br>3  Tbsp. apple cider vinegar<br>1/2  tsp. sugar<br>6  Tbsp. water<br></p></td></tr></tbody></table><table width=""100%"" border=""1px"" cellspacing=""0"" cellpadding=""10""><tbody><tr><td><span class=""H2"">preparation</span><br><p class=""H1"">      Mix apple cider vinegar with sugar and water.  Add to rice, toss to mix and coat well.  Shape into bite size rectangles or triangles; dust with toasted sesame seed (good source of Vitamin A).  Mix in leftover bits of fresh/cooked vegetables, meats; mix into rice.  Healthy, filling.  Sushi is vinegared rice.  Sashimi is raw fish..sometimes used to top sushi.</p></td></tr></tbody></table>"
